title,completed
Fundamental attitude-oriented array,true
Configurable modular extranet,false
Multi-channelled modular architecture,false
Function-based actuating database,false
User-centric systematic protocol,false
Sharable fresh-thinking model,true
Visionary disintermediate adapter,false
Self-enabling responsive migration,true
Switchable fault-tolerant concept,false
Assimilated didactic hierarchy,false
Adaptive discrete hub,false
Organized mission-critical utilisation,true
Robust secondary intranet,true
Pre-emptive next generation strategy,false
Extended next generation access,true
Front-line global protocol,false
Proactive composite strategy,true
Cross-platform explicit migration,false
Ergonomic global Graphic Interface,false
Persevering scalable project,false
De-engineered disintermediate system engine,false
Multi-layered intermediate artificial intelligence,false
Right-sized holistic superstructure,false
Seamless web-enabled focus group,true
Down-sized bandwidth-monitored benchmark,true
Front-line dedicated contingency,true
Business-focused static task-force,true
Seamless incremental task-force,true
Managed multi-state encoding,true
Future-proofed clear-thinking system engine,false
Customizable mission-critical help-desk,false
Compatible dedicated interface,false
Team-oriented high-level synergy,true
Customizable methodical approach,true
Programmable 6th generation hardware,false
Fully-configurable bi-directional middleware,true
Integrated leading edge implementation,false
Networked zero defect internet solution,true
Mandatory maximized intranet,false
Fundamental client-driven policy,true
Reverse-engineered 24 hour paradigm,false
Focused user-facing alliance,true
Intuitive asynchronous core,false
Ergonomic mobile product,true
Multi-layered maximized pricing structure,false
Monitored global collaboration,false
Expanded tertiary secured line,true
Cross-platform grid-enabled benchmark,false
Robust disintermediate implementation,false
Function-based zero defect definition,false
Assimilated motivating superstructure,true
Devolved multi-tasking process improvement,false
Upgradable even-keeled throughput,false
Horizontal tertiary parallelism,false
Persistent multi-state product,true
Cross-platform directional benchmark,false
Versatile incremental groupware,true
De-engineered scalable challenge,true
Cloned needs-based capacity,true
Right-sized tangible encryption,false
Down-sized asynchronous neural-net,true
Multi-tiered responsive focus group,false
Switchable attitude-oriented artificial intelligence,false
De-engineered upward-trending approach,false
Assimilated local interface,true
Synergistic even-keeled infrastructure,false
De-engineered tertiary encryption,true
Self-enabling heuristic contingency,true
Customer-focused cohesive framework,false
Quality-focused asymmetric throughput,true
Fully-configurable explicit architecture,true
Optional zero tolerance orchestration,true
Organized fault-tolerant moderator,true
Stand-alone full-range parallelism,false
Proactive asymmetric interface,true
Virtual needs-based capability,true
Enhanced empowering algorithm,true
Digitized intermediate conglomeration,false
Advanced maximized time-frame,false
Cross-platform scalable moderator,false
Implemented human-resource core,false
Managed systemic matrices,true
Reactive next generation collaboration,false
Assimilated clear-thinking budgetary management,false
Centralized 6th generation intranet,true
Function-based non-volatile parallelism,true
Right-sized bandwidth-monitored projection,false
Proactive tertiary knowledge base,false
Extended bifurcated standardization,true
Horizontal solution-oriented paradigm,true
Open-architected systemic groupware,true
Open-source clear-thinking analyzer,false
Innovative web-enabled implementation,false
Streamlined upward-trending solution,true
Profit-focused uniform utilisation,true
Focused client-driven forecast,true
Function-based neutral access,false
Enhanced systematic challenge,true
Seamless clear-thinking protocol,false
Switchable hybrid system engine,false
Robust content-based support,false
Future-proofed heuristic utilisation,false
Up-sized contextually-based Graphical User Interface,false
Right-sized multi-tasking productivity,true
Business-focused human-resource project,true
Profound 24/7 service-desk,false
Adaptive 24/7 internet solution,false
Programmable clear-thinking neural-net,true
Persistent human-resource protocol,true
Distributed actuating instruction set,true
Switchable actuating open architecture,true
Polarised heuristic complexity,true
Assimilated bottom-line algorithm,false
Ergonomic mobile protocol,false
Enhanced holistic customer loyalty,false
Vision-oriented clear-thinking structure,true
Persevering upward-trending array,true
Devolved human-resource algorithm,false
Exclusive bifurcated ability,false
Horizontal human-resource data-warehouse,true
Synchronised didactic strategy,false
Progressive human-resource firmware,true
Assimilated 4th generation knowledge base,true
Synchronised scalable local area network,true
Synchronised radical process improvement,true
Team-oriented transitional portal,false
Sharable exuding monitoring,true
Down-sized 3rd generation parallelism,true
Operative executive time-frame,true
Enhanced zero tolerance moratorium,false
Robust needs-based projection,false
Reactive client-driven secured line,true
Persistent optimizing challenge,false
Vision-oriented uniform leverage,false
Streamlined disintermediate adapter,true
Fully-configurable actuating concept,true
Enhanced intangible project,false
Inverse asymmetric secured line,false
Team-oriented global Graphical User Interface,false
Synergistic next generation definition,false
Triple-buffered web-enabled benchmark,false
Configurable bandwidth-monitored support,true
Multi-channelled systematic time-frame,true
Triple-buffered even-keeled open system,false
Polarised directional hardware,false
Down-sized intangible moratorium,true
Streamlined impactful hub,true
Multi-tiered real-time hub,false
Horizontal didactic emulation,false
Stand-alone next generation encryption,true
Innovative heuristic Graphic Interface,false
Object-based non-volatile infrastructure,false
Stand-alone leading edge monitoring,false
Configurable system-worthy monitoring,true
Front-line client-driven groupware,false
Implemented solution-oriented paradigm,false
Stand-alone object-oriented forecast,true
Customer-focused logistical budgetary management,true
User-centric full-range capacity,true
Devolved logistical benchmark,true
Sharable maximized task-force,false
Intuitive incremental frame,true
Monitored radical extranet,false
User-friendly systematic implementation,true
Grass-roots analyzing Graphic Interface,true
Object-based encompassing data-warehouse,false
Visionary actuating initiative,true
User-friendly disintermediate throughput,false
Future-proofed disintermediate encryption,false
Persevering exuding collaboration,true
Pre-emptive asymmetric local area network,true
Phased intangible challenge,false
Right-sized content-based migration,true
Versatile asynchronous data-warehouse,false
Operative tertiary instruction set,false
Polarised executive conglomeration,true
Fully-configurable stable projection,true
Synchronised client-server core,false
Progressive incremental concept,true
Expanded disintermediate protocol,true
Reduced local forecast,false
Open-source tangible success,true
Progressive logistical attitude,false
Fully-configurable bandwidth-monitored middleware,true
Streamlined global instruction set,false
Team-oriented background ability,true
Reduced full-range frame,false
Progressive maximized firmware,true
Fully-configurable motivating core,false
Ameliorated foreground capability,false
Proactive tangible matrices,false
Centralized bifurcated initiative,false
Expanded systematic instruction set,false
Upgradable composite protocol,true
Balanced fault-tolerant attitude,false
Customer-focused cohesive open architecture,true
Open-architected fault-tolerant project,true
Open-architected didactic moderator,true
Mandatory multimedia interface,true
Virtual asynchronous info-mediaries,false
Managed systematic internet solution,true
Extended systematic open architecture,false
Total fresh-thinking complexity,false
Self-enabling executive definition,true
Multi-lateral discrete archive,true
Centralized multimedia product,false
Diverse exuding neural-net,true
User-centric attitude-oriented system engine,false
Upgradable tangible project,true
Seamless local encoding,false
Focused foreground encryption,false
Polarised zero defect archive,true
Persevering non-volatile initiative,false
Visionary grid-enabled throughput,true
Re-contextualized bandwidth-monitored help-desk,true
Function-based asynchronous interface,false
Streamlined zero tolerance process improvement,false
Enterprise-wide contextually-based attitude,false
Sharable impactful orchestration,true
Advanced intermediate policy,true
Face to face human-resource protocol,true
Compatible global instruction set,true
Re-contextualized incremental encoding,true
Sharable discrete emulation,true
Face to face grid-enabled encoding,true
Optimized upward-trending database,false
Persistent well-modulated concept,false
Cross-platform value-added portal,true
Seamless global solution,false
Multi-lateral mission-critical database,false
Assimilated maximized encoding,true
Devolved even-keeled circuit,false
Proactive tertiary hierarchy,false
Enterprise-wide object-oriented software,true
Expanded client-server frame,true
Profit-focused secondary Graphic Interface,true
Enterprise-wide national toolset,false
Exclusive human-resource capability,true
Universal holistic paradigm,false
Diverse eco-centric concept,true
Customer-focused object-oriented framework,true
Versatile eco-centric throughput,true
Inverse bifurcated encryption,true
Sharable maximized help-desk,true
Re-engineered holistic budgetary management,true
Front-line mission-critical projection,true
Cross-platform value-added collaboration,true
Persistent methodical archive,false
Re-engineered dynamic synergy,true
Switchable upward-trending matrices,false
Fundamental object-oriented implementation,false
De-engineered user-facing adapter,true
Open-source bifurcated customer loyalty,false
Synergized non-volatile neural-net,true
Focused uniform throughput,false
Function-based secondary core,false
Multi-tiered discrete Graphical User Interface,false
Focused multi-state Graphic Interface,true
Advanced web-enabled strategy,false
Virtual high-level support,true
Balanced non-volatile budgetary management,true
Face to face 6th generation leverage,true
Front-line responsive service-desk,true
Synergistic bifurcated Graphical User Interface,true
Networked needs-based definition,true
Integrated discrete extranet,false
Triple-buffered zero administration structure,true
Innovative systemic success,false
Distributed 4th generation capability,true
Synchronised multi-tasking complexity,false
Synergized fault-tolerant intranet,false
Ergonomic dynamic leverage,true
Re-contextualized stable focus group,false
Multi-tiered value-added circuit,false
Ameliorated modular secured line,true
Front-line clear-thinking standardization,false
Proactive even-keeled projection,false
User-centric 6th generation hierarchy,true
Switchable interactive forecast,true
Persevering holistic migration,true
Grass-roots zero defect interface,false
Organized needs-based productivity,true
Synchronised exuding solution,true
Horizontal interactive orchestration,true
Switchable bandwidth-monitored artificial intelligence,true
Innovative solution-oriented productivity,true
Persevering foreground hierarchy,true
Programmable maximized artificial intelligence,true
Programmable uniform complexity,false
Reduced high-level function,false
Compatible interactive functionalities,false
Future-proofed asymmetric framework,false
Secured multi-tasking moderator,true
Configurable 3rd generation groupware,false
Cloned systematic capacity,true
Cross-group value-added intranet,true
Centralized client-server circuit,true
Expanded next generation secured line,false
Multi-channelled eco-centric function,false
Organic reciprocal interface,true
Re-engineered explicit customer loyalty,true
Innovative composite internet solution,true
Multi-layered contextually-based local area network,true
Sharable dynamic infrastructure,false
Business-focused eco-centric implementation,false
Up-sized analyzing function,true
Programmable zero administration help-desk,false
Multi-layered user-facing leverage,false
Switchable local encoding,true
Monitored grid-enabled time-frame,false
Progressive dynamic functionalities,true
Customer-focused content-based strategy,false
Seamless optimizing benchmark,true
Organized dedicated paradigm,true
Face to face tertiary pricing structure,true
Robust holistic capacity,true
Programmable cohesive success,true
Operative well-modulated migration,true
Secured holistic neural-net,true
Cloned dedicated contingency,true
Business-focused maximized portal,false
Integrated intangible capacity,true
Cross-platform foreground benchmark,false
Multi-layered systematic synergy,false
Synchronised background secured line,false
Seamless uniform software,false
Focused maximized contingency,false
Seamless methodical hardware,false
Realigned full-range groupware,true
Organic contextually-based Graphic Interface,false
Decentralized methodical knowledge base,false
Persevering neutral orchestration,true
Distributed holistic capacity,true
Implemented object-oriented internet solution,true
Optional zero defect synergy,true
Integrated tertiary knowledge base,true
Extended mobile benchmark,true
Robust empowering infrastructure,true
Triple-buffered multi-state forecast,false
Organic maximized array,true
Versatile fresh-thinking knowledge user,true
Exclusive multi-state standardization,true
Re-contextualized system-worthy approach,false
Self-enabling upward-trending moratorium,false
Compatible disintermediate toolset,true
Virtual client-driven standardization,false
Enterprise-wide modular installation,true
Future-proofed demand-driven moderator,true
Enhanced intangible ability,false
Synergized intangible strategy,false
Integrated contextually-based encryption,true
Extended user-facing strategy,true
Object-based systematic workforce,true
Integrated scalable workforce,true
Object-based asynchronous extranet,true
Configurable hybrid intranet,true
Advanced intermediate architecture,true
De-engineered 3rd generation intranet,false
Triple-buffered mission-critical definition,false
Synergized user-facing productivity,false
Switchable motivating support,false
User-friendly regional functionalities,true
Right-sized incremental interface,false
Multi-channelled uniform extranet,false
Visionary maximized open system,true
Enterprise-wide dynamic challenge,true
Innovative coherent capacity,true
Multi-channelled even-keeled knowledge base,false
Right-sized systemic focus group,true
Customizable foreground workforce,true
Visionary optimal firmware,false
Persevering 6th generation system engine,true
Exclusive neutral projection,false
Robust discrete secured line,false
Assimilated 5th generation encryption,true
Mandatory impactful Graphic Interface,true
Phased secondary data-warehouse,false
Multi-channelled tangible attitude,false
Adaptive dynamic extranet,true
Phased dedicated workforce,true
Cloned tangible approach,true
Integrated homogeneous leverage,true
Compatible bi-directional monitoring,false
Persevering asymmetric projection,false
Customer-focused non-volatile instruction set,true
Synergized hybrid portal,false
Open-source local hardware,true
Reactive mobile capability,false
Seamless systemic capability,false
Switchable coherent local area network,true
Cross-group web-enabled budgetary management,true
Digitized actuating policy,true
Enterprise-wide actuating paradigm,false
Polarised next generation complexity,false
Programmable 24 hour info-mediaries,true
Reverse-engineered contextually-based internet solution,true
Reactive client-server customer loyalty,false
Proactive well-modulated leverage,true
Integrated next generation toolset,false
Open-source mission-critical parallelism,false
Triple-buffered upward-trending open system,true
Future-proofed dedicated task-force,false
Progressive 24/7 solution,false
Right-sized homogeneous open system,false
Customizable contextually-based array,false
Total mission-critical superstructure,true
Upgradable bandwidth-monitored process improvement,true
Persevering 24 hour methodology,true
Inverse zero administration definition,false
Face to face value-added extranet,true
Cross-group exuding migration,true
Virtual dedicated moratorium,false
Adaptive executive installation,true
Organic national paradigm,true
Upgradable attitude-oriented customer loyalty,true
Face to face full-range complexity,true
Extended impactful productivity,false
Cloned needs-based forecast,true
Networked contextually-based alliance,true
Virtual needs-based synergy,false
Up-sized background project,false
Managed homogeneous knowledge user,false
Secured 3rd generation interface,false
Vision-oriented national approach,true
Open-source 24 hour instruction set,false
Face to face static capacity,false
Versatile executive internet solution,false
Customer-focused content-based infrastructure,false
Networked full-range solution,false
Enhanced executive help-desk,false
Secured tertiary productivity,false
Vision-oriented 24 hour project,false
Multi-layered well-modulated focus group,false
Reduced mission-critical complexity,false
Streamlined bi-directional initiative,true
Visionary user-facing toolset,true
Multi-lateral optimizing access,true
Object-based executive functionalities,false
Persistent eco-centric leverage,true
Right-sized solution-oriented protocol,true
User-centric empowering core,true
Open-source methodical projection,false
Mandatory maximized strategy,true
Balanced web-enabled flexibility,false
Seamless uniform initiative,false
User-friendly fault-tolerant leverage,true
Re-engineered grid-enabled capability,false
Digitized 4th generation service-desk,false
Phased holistic strategy,false
Triple-buffered stable archive,false
Exclusive stable monitoring,true
Synergistic stable open architecture,true
Phased context-sensitive moratorium,false
Advanced context-sensitive encryption,true
Front-line content-based moderator,true
Cross-group clear-thinking application,false
Centralized 6th generation policy,false
De-engineered tangible framework,false
Self-enabling encompassing system engine,true
Integrated cohesive complexity,true
Future-proofed systematic encoding,false
Visionary grid-enabled productivity,false
Horizontal needs-based matrices,true
Decentralized cohesive capacity,true
Persistent holistic interface,false
Phased modular capacity,true
Secured web-enabled array,false
Assimilated reciprocal approach,true
Synergized intangible contingency,true
Total regional contingency,false
Digitized real-time local area network,true
Vision-oriented grid-enabled contingency,true
Exclusive clear-thinking matrices,false
De-engineered intermediate forecast,true
Configurable bottom-line middleware,true
Organized disintermediate intranet,false
Optimized next generation adapter,true
Reactive directional ability,false
Horizontal hybrid contingency,false
Cross-group reciprocal protocol,true
Quality-focused uniform protocol,false
Automated modular alliance,false
Multi-layered motivating emulation,true
Team-oriented radical architecture,true
Balanced 24 hour capability,true
Mandatory zero defect service-desk,true
Networked discrete emulation,true
Polarised real-time core,true
Synergized cohesive orchestration,false
Seamless bandwidth-monitored customer loyalty,true
Progressive zero administration projection,true
Pre-emptive 5th generation utilisation,false
Profit-focused uniform functionalities,false
Ameliorated regional customer loyalty,false
Cross-group fault-tolerant firmware,true
Virtual 24 hour hierarchy,false
Profound web-enabled function,false
Persevering foreground help-desk,true
Fundamental scalable neural-net,true
Open-source composite moderator,true
Re-engineered coherent access,false
Cross-group disintermediate matrix,false
Open-architected systematic task-force,false
Virtual tertiary approach,false
Organized tertiary interface,false
Exclusive scalable migration,true
Fully-configurable bifurcated groupware,true
Triple-buffered incremental definition,false
Switchable hybrid matrix,true
Programmable foreground synergy,false
Diverse 24/7 budgetary management,true
Cloned grid-enabled project,false
Polarised mobile customer loyalty,false
Total leading edge matrix,true
Mandatory optimal service-desk,false
Operative bifurcated workforce,false
Reduced 3rd generation parallelism,true
Stand-alone upward-trending workforce,true
Networked optimal forecast,true
Secured systemic service-desk,true
Networked impactful artificial intelligence,false
Down-sized mobile framework,true
Exclusive high-level encryption,false
Secured value-added contingency,false
Ergonomic grid-enabled budgetary management,false
Streamlined actuating process improvement,false
Enterprise-wide cohesive implementation,true
Streamlined exuding middleware,true
Up-sized 24 hour task-force,false
Multi-channelled systemic customer loyalty,true
Focused 4th generation budgetary management,false
Triple-buffered system-worthy implementation,true
Pre-emptive directional concept,false
Profound value-added local area network,false
Pre-emptive impactful groupware,true
Reverse-engineered modular attitude,true
Configurable tertiary time-frame,true
Triple-buffered contextually-based artificial intelligence,true
Vision-oriented well-modulated system engine,true
Exclusive system-worthy encryption,false
Organic object-oriented productivity,true
Triple-buffered motivating local area network,true
Expanded client-server approach,false
Multi-layered directional structure,false
Distributed system-worthy artificial intelligence,true
Down-sized 3rd generation project,true
Configurable national concept,true
Diverse dedicated internet solution,false
Front-line neutral infrastructure,true
Devolved 3rd generation benchmark,false
Automated scalable toolset,false
Extended full-range knowledge base,true
Innovative client-driven attitude,false
Balanced value-added hub,true
Up-sized intangible complexity,true
Stand-alone next generation internet solution,false
Down-sized radical hub,true
Open-architected homogeneous intranet,false
Streamlined disintermediate local area network,false
Self-enabling modular structure,true
Self-enabling directional workforce,true
Phased non-volatile groupware,true
Self-enabling heuristic concept,false
Compatible hybrid core,false
Horizontal 6th generation collaboration,true
Multi-channelled homogeneous utilisation,false
Optimized attitude-oriented focus group,false
Programmable actuating conglomeration,true
Adaptive analyzing synergy,true
Open-source optimal superstructure,false
De-engineered attitude-oriented focus group,true
Advanced system-worthy archive,true
Stand-alone transitional paradigm,true
Secured tertiary contingency,false
Polarised context-sensitive instruction set,false
Future-proofed modular success,false
Face to face full-range complexity,true
Quality-focused multi-tasking migration,false
Function-based impactful toolset,false
Decentralized mission-critical focus group,false
Cross-platform heuristic instruction set,false
Proactive disintermediate artificial intelligence,false
Adaptive mobile moratorium,true
Secured zero tolerance framework,false
Extended composite local area network,false
Multi-layered multi-state workforce,false
Sharable composite artificial intelligence,true
Streamlined 3rd generation knowledge user,true
Devolved client-server capability,false
Proactive systemic methodology,false
Expanded explicit help-desk,true
Innovative bi-directional archive,true
Total analyzing implementation,true
Optional impactful circuit,false
Customizable content-based productivity,true
Horizontal multi-tasking access,false
Mandatory bifurcated approach,false
Customer-focused dynamic Graphical User Interface,true
Ameliorated national archive,true
Innovative eco-centric leverage,true
Expanded attitude-oriented toolset,true
Visionary bi-directional access,false
Enterprise-wide object-oriented methodology,false
Enterprise-wide client-driven workforce,false
Persistent national portal,true
Multi-channelled national attitude,true
Face to face zero tolerance utilisation,true
Integrated leading edge forecast,true
Programmable analyzing neural-net,true
Polarised exuding collaboration,true
Expanded neutral application,false
Self-enabling national array,true
Innovative maximized hub,false
Synergized cohesive knowledge base,false
Triple-buffered impactful firmware,false
Configurable logistical Graphical User Interface,true
Ergonomic user-facing open architecture,true
User-centric even-keeled extranet,true
Horizontal value-added emulation,false
Re-contextualized uniform policy,true
Fundamental incremental knowledge user,false
Quality-focused explicit leverage,true
Fundamental logistical policy,true
Robust bandwidth-monitored task-force,false
Reduced context-sensitive info-mediaries,true
Integrated interactive leverage,false
Synchronised upward-trending archive,false
Proactive next generation knowledge user,true
Assimilated demand-driven challenge,true
Re-engineered bi-directional info-mediaries,true
Expanded motivating complexity,false
Reactive didactic capability,true
Right-sized tangible emulation,false
Re-contextualized tangible knowledge user,true
Diverse contextually-based paradigm,true
Compatible discrete flexibility,true
Team-oriented intermediate architecture,false
Function-based neutral collaboration,false
Front-line asymmetric focus group,true
Self-enabling modular process improvement,true
Switchable analyzing circuit,false
Pre-emptive well-modulated infrastructure,false
Monitored web-enabled hardware,true
Automated even-keeled software,false
Future-proofed intermediate capacity,true
Optional modular paradigm,false
Horizontal directional project,false
Digitized needs-based service-desk,false
Fundamental even-keeled firmware,false
Digitized multi-tasking attitude,false
Centralized system-worthy focus group,true
Managed global website,true
Right-sized reciprocal focus group,true
Cross-group regional parallelism,false
Networked object-oriented task-force,true
Down-sized discrete knowledge base,true
De-engineered local pricing structure,true
Distributed human-resource local area network,true
Object-based multimedia local area network,false
Right-sized multimedia project,false
Realigned foreground database,true
Open-architected explicit flexibility,false
Re-contextualized global circuit,false
Customizable tangible approach,false
Optimized zero tolerance utilisation,false
Future-proofed next generation firmware,false
Pre-emptive multimedia approach,true
Assimilated 6th generation groupware,true
Reverse-engineered empowering frame,true
Open-source discrete encoding,false
Multi-tiered analyzing secured line,true
Reactive cohesive collaboration,false
Multi-channelled clear-thinking encryption,false
Cloned didactic benchmark,true
Cloned upward-trending challenge,true
Realigned value-added algorithm,false
Enterprise-wide responsive toolset,false
Secured optimizing moderator,true
Progressive 24/7 architecture,true
Team-oriented zero administration framework,true
Grass-roots responsive Graphical User Interface,true
Universal holistic pricing structure,true
Exclusive coherent internet solution,true
Automated explicit success,false
Profit-focused asynchronous productivity,false
Exclusive coherent analyzer,true
Streamlined impactful collaboration,true
Profit-focused reciprocal secured line,true
Future-proofed motivating time-frame,false
Managed radical Graphical User Interface,false
De-engineered multimedia conglomeration,false
Self-enabling bifurcated knowledge user,true
Secured zero administration projection,false
Sharable mobile middleware,false
Inverse zero tolerance infrastructure,false
Innovative maximized intranet,false
Re-contextualized dedicated firmware,true
Reduced 4th generation methodology,false
Business-focused zero administration knowledge base,false
Front-line web-enabled protocol,true
Operative encompassing productivity,false
Reactive secondary structure,true
Configurable motivating algorithm,false
Operative logistical workforce,true
Front-line directional internet solution,false
Organic impactful open system,true
Cross-platform real-time portal,false
De-engineered 5th generation complexity,false
Fundamental empowering open architecture,false
Face to face executive support,false
Focused bifurcated circuit,false
Diverse homogeneous interface,false
Public-key holistic methodology,false
Mandatory disintermediate software,false
Proactive mobile synergy,false
Profit-focused dynamic hierarchy,true
Networked radical capacity,false
Multi-lateral didactic function,false
Optimized next generation function,false
Persevering maximized complexity,false
Versatile motivating definition,true
Devolved directional system engine,true
Programmable background infrastructure,true
Multi-layered solution-oriented success,true
Balanced systematic projection,false
Diverse interactive hardware,true
Inverse hybrid customer loyalty,true
Open-source stable help-desk,true
Self-enabling uniform productivity,true
Decentralized full-range middleware,true
De-engineered scalable analyzer,false
Profound demand-driven website,true
Fundamental homogeneous forecast,false
Stand-alone systematic policy,true
Progressive client-server firmware,false
Enterprise-wide dynamic open system,true
Inverse intermediate access,true
Horizontal contextually-based core,false
Future-proofed well-modulated architecture,false
Customizable 24 hour database,true
Up-sized human-resource architecture,true
Team-oriented hybrid open system,true
Exclusive contextually-based productivity,false
Reverse-engineered stable local area network,false
Multi-lateral uniform model,true
Re-engineered clear-thinking moderator,false
Fully-configurable mobile benchmark,false
Object-based 24 hour throughput,true
Ergonomic 6th generation budgetary management,true
Business-focused contextually-based customer loyalty,true
Configurable disintermediate ability,false
Right-sized 4th generation database,false
Cross-platform dynamic matrix,false
Programmable value-added customer loyalty,false
Synchronised regional open system,false
Realigned high-level flexibility,true
Open-source context-sensitive concept,true
Profound grid-enabled structure,true
Visionary systemic throughput,false
Customer-focused even-keeled hardware,false
Adaptive heuristic structure,true
Implemented multi-tasking concept,false
Virtual 6th generation workforce,false
Robust object-oriented initiative,false
Total composite attitude,false
Synergistic coherent contingency,false
Ergonomic optimal emulation,true
Multi-channelled tangible hardware,false
Reduced regional circuit,false
Total radical solution,true
Total national process improvement,true
Compatible high-level success,true
Managed zero administration moderator,false
Inverse needs-based circuit,true
Synergized context-sensitive knowledge user,false
Upgradable empowering task-force,true
Open-architected homogeneous workforce,true
Synergistic fresh-thinking extranet,false
Multi-layered local synergy,false
Face to face zero tolerance application,true
Devolved local contingency,true
Virtual solution-oriented groupware,true
Sharable stable circuit,false
Adaptive eco-centric instruction set,true
Automated attitude-oriented instruction set,false
Re-contextualized mission-critical projection,true
Integrated logistical flexibility,true
Up-sized fault-tolerant initiative,false
Universal contextually-based superstructure,true
Ergonomic dedicated portal,true
Profit-focused responsive orchestration,true
Networked 5th generation neural-net,false
Progressive directional orchestration,false
Mandatory stable task-force,false
Function-based bottom-line algorithm,false
Advanced exuding support,true
Optional intermediate budgetary management,true
Reverse-engineered solution-oriented model,false
Centralized exuding collaboration,false
Face to face logistical success,false
Pre-emptive regional internet solution,false
Digitized background data-warehouse,true
Vision-oriented bandwidth-monitored info-mediaries,false
Open-architected 4th generation customer loyalty,true
Configurable encompassing help-desk,false
Object-based stable hub,false
Virtual uniform hardware,true
Focused 24 hour array,false
Synergistic encompassing neural-net,false
Multi-layered 24/7 pricing structure,false
Networked intermediate definition,false
Right-sized transitional project,false
Team-oriented next generation local area network,false
Optional analyzing model,true
Balanced neutral throughput,true
Organized non-volatile ability,true
Reduced intermediate help-desk,true
De-engineered leading edge Graphic Interface,true
Reduced attitude-oriented framework,false
Robust zero tolerance implementation,true
Down-sized demand-driven groupware,false
Monitored mobile structure,false
Visionary multi-tasking challenge,true
Organic clear-thinking archive,false
Focused bottom-line interface,true
Fundamental 24 hour strategy,false
Open-source tertiary circuit,false
Sharable full-range ability,false
Grass-roots radical archive,false
Proactive non-volatile knowledge user,false
Business-focused full-range model,true
Phased directional conglomeration,true
Re-engineered dedicated intranet,false
Quality-focused full-range capability,true
Front-line cohesive matrix,false
Advanced methodical Graphical User Interface,true
Implemented object-oriented help-desk,true
Total incremental contingency,false
Profit-focused systemic analyzer,true
Down-sized disintermediate encryption,false
Synergistic web-enabled interface,false
Grass-roots demand-driven definition,false
Phased responsive infrastructure,true
Secured real-time encoding,false
Progressive empowering secured line,true
Sharable radical interface,true
Enhanced content-based budgetary management,true
Multi-tiered upward-trending implementation,true
Upgradable national pricing structure,false
Realigned 6th generation throughput,false
Persistent attitude-oriented encryption,false
Optimized homogeneous support,true
Reduced real-time access,false
Upgradable heuristic model,true
Cloned modular toolset,true
Synergistic 4th generation firmware,false
Extended interactive support,true
Reduced incremental emulation,true
Ergonomic responsive database,true
Organic zero administration intranet,false
Versatile holistic knowledge user,true
Visionary tangible architecture,true
Business-focused optimal database,false
Profound tertiary conglomeration,false
Extended next generation encoding,false
Advanced holistic open system,true
Optimized contextually-based challenge,true
Fully-configurable cohesive initiative,false
Synchronised clear-thinking project,true
Organized systematic matrices,false
Reduced background task-force,false
Centralized object-oriented flexibility,true
Vision-oriented zero defect encryption,true
Operative directional instruction set,false
Digitized motivating challenge,true
Fully-configurable asynchronous emulation,false
Devolved grid-enabled utilisation,true
Profound eco-centric project,false
Customizable explicit time-frame,false
Profit-focused motivating superstructure,false
Innovative multimedia leverage,false
Multi-lateral dynamic task-force,false
Diverse optimal process improvement,true
De-engineered bifurcated help-desk,true
Synergized cohesive algorithm,true
Managed demand-driven access,false
Distributed solution-oriented matrix,true
Stand-alone encompassing leverage,true
Reduced solution-oriented attitude,false
Synchronised 24 hour paradigm,true
Adaptive 5th generation flexibility,true
Switchable zero administration benchmark,false
Universal cohesive internet solution,true
Operative maximized service-desk,true
Inverse bi-directional Graphic Interface,false
Digitized motivating product,true
Virtual solution-oriented installation,false
Assimilated multi-state solution,true
Progressive leading edge customer loyalty,false
User-centric multimedia hub,true
Sharable exuding initiative,true
Profound context-sensitive analyzer,true
Secured zero tolerance model,true
Profound explicit help-desk,false
Devolved bottom-line focus group,false
Realigned methodical protocol,true
Cloned context-sensitive hub,false
Cross-group context-sensitive open system,false
Self-enabling multimedia strategy,false
User-centric composite system engine,false
Fundamental real-time encryption,true
Persistent well-modulated customer loyalty,true
Optimized upward-trending benchmark,false
Managed maximized structure,false
Visionary mission-critical application,false
Vision-oriented 5th generation emulation,false
Optional tangible frame,true
Triple-buffered system-worthy alliance,false
Universal global collaboration,true
Balanced bi-directional monitoring,true
Inverse intangible challenge,false
Phased asymmetric knowledge base,false
Re-engineered object-oriented hardware,false
Function-based systemic encoding,false
Cross-group attitude-oriented complexity,false
Cross-platform mission-critical hardware,true
Cross-platform client-driven database,false
Re-contextualized scalable application,true
Customer-focused didactic conglomeration,true
Fundamental value-added protocol,false
Robust optimal customer loyalty,true
Virtual heuristic implementation,true
Grass-roots full-range encryption,true
Inverse demand-driven implementation,false
Universal value-added functionalities,true
Versatile executive challenge,true
Secured zero tolerance definition,true
Managed radical solution,true
Front-line fresh-thinking access,true
Synchronised tertiary paradigm,false
Compatible holistic standardization,false
Adaptive heuristic application,true
Distributed intangible application,true
Optional exuding internet solution,true
Persistent optimal internet solution,false
Visionary reciprocal Graphical User Interface,true
Operative high-level application,false
Reactive interactive encoding,true
Future-proofed asynchronous paradigm,true
De-engineered bottom-line projection,true
User-centric needs-based intranet,true
Persistent leading edge project,true
Extended executive time-frame,true
Universal systemic product,true
Organized disintermediate attitude,false
Vision-oriented dedicated middleware,false
Mandatory tertiary collaboration,true
Reverse-engineered cohesive adapter,false
Re-engineered exuding hardware,true
Versatile bifurcated parallelism,true
Implemented well-modulated support,false
Organized 4th generation project,false
Horizontal systematic benchmark,false
Proactive high-level application,false
Implemented background intranet,false
Open-architected 4th generation hierarchy,true
Up-sized client-server alliance,true
Multi-channelled user-facing secured line,true
Self-enabling impactful workforce,false
Operative incremental support,false
Profound interactive algorithm,false
Right-sized real-time success,true
Adaptive scalable protocol,true
Cloned bandwidth-monitored service-desk,false
Cross-platform full-range structure,false
Multi-channelled even-keeled software,true
Optional high-level array,true
Realigned radical productivity,true
Optional client-server emulation,false
Customer-focused explicit support,true
Front-line local ability,false
Advanced static intranet,true
Triple-buffered 24/7 success,false
Realigned zero tolerance moratorium,false
Operative value-added solution,false
Reverse-engineered discrete Graphical User Interface,true
Networked homogeneous frame,true
Devolved 24/7 monitoring,true
Innovative even-keeled framework,false
Synchronised full-range interface,false
Quality-focused transitional orchestration,true
Secured attitude-oriented installation,true
Open-architected cohesive hierarchy,true
Secured real-time project,false
Organic holistic time-frame,true
Sharable scalable moderator,true
Virtual multi-tasking adapter,true
Inverse background data-warehouse,false
Diverse empowering info-mediaries,false
Persevering secondary synergy,true
